0000d58f66fc59bde043db95ca69bc73.jpg,174
00010f3a5dbfe2983f27b109f775560f.jpg,270
0001bb002f407d62ddcf7682200433c4.jpg,313
0001d61f437c747ac644d8ad7a24a427.jpg,33
0002b009beec1898a6e9baf6c104bf5f.jpg,433
00031ca4a5af940a80f4e3bdc37e82f7.jpg,900
00031f8b92ecbde470faa15fd5854ad0.jpg,655
000325b0486e9af65e5746d8bc845ebc.jpg,157
0003af90b5a3413345939ab3ca86f769.jpg,830
0003afd0cbd2d3ca89967355f59df6bf.jpg,39
00041263fef502b2e58d40d82ebbcc3d.jpg,909
0004541be32a15baac370f1f51d281df.jpg,834
0004bdc16d6cc0c1f23fa01d2f486eca.jpg,957
000556216f2fb669744cd649a655c71e.jpg,916
0005e9e5cb31a1960659b8d830632359.jpg,828
000670acdc4ba49cab0e60ffff48fc3f.jpg,198
00068f3f18690132deea2115b785a704.jpg,637
00069f7eea33587d45b4907fcaa5c35a.jpg,663
0006c42bd04f9b0bc5668fbc90fdf000.jpg,248
0007192d53996c7fc539a261ee78361f.jpg,264
0007a5575b57c9b68f7bb1ec8f87c325.jpg,9
0007c354b6e240626ca940ceae6fd3b7.jpg,214
00089286f7363a04a4dd1f2d478e6c5d.jpg,70
0008b9064a81b2b3307aaa5d229810c9.jpg,533
0008e4afca7f7e8c63ae82d22901b1fb.jpg,366
00098c4fffbb76fb7b2a8d00098b4e58.jpg,74
0009fb069410dad62bfda9a8bc556cd6.jpg,719
0009fbf5d2dbf4040ae3dafb8229bf05.jpg,293
000aa53a15e8020380710439d183c179.jpg,15
000ae306339f766d1aaf6b15aa314ba7.jpg,659
000aea9a4e3fef240e884f554dddd56c.jpg,676
000b387826c4d0dc08d9f5360dbaad33.jpg,833
000b43aaf8708c6629bb58863a4355cb.jpg,53
000b97a6ca15557e8d88ed3bc3f553f2.jpg,723
000becc15d20ca0861837123922c1b30.jpg,707
000c90a5498fc4b20f15d14bf526ba60.jpg,867
000ceebb6df0da38e9fa768900a2880e.jpg,665
000d669fe73fe09b8bed299d1ed881da.jpg,794
000e54f65a4c5827a3c82e553b35ceb6.jpg,817
000e5f3e6ef0bbb22ea081bbfa2f5c42.jpg,423
000e74018f2c7af4d1b8c9d23e06889c.jpg,396
000e7ab4e9a054b7926547011cea0e11.jpg,504
000f550155e9317ca14b9274d9e0247c.jpg,243
00109979c4e0ad80129523bb18b33f40.jpg,951
0011468ed40196435d9404d3509d294a.jpg,705
001156f2c58b36bf19991281f833f289.jpg,604
00119420c25d0f0d8c9618743833cef5.jpg,763
0011ba1257e35bd4672aa35a9cb00b4d.jpg,833
0012cc40e9c8413a0b0d1f547fec0756.jpg,163
0012cd7c3c74738981ac6f980e36e4f2.jpg,373
0012eb295176e119a9e9aacb31301cd7.jpg,272
00130faacfe0bd1eab4e211806e3395f.jpg,285
0015166947ac9b7bca976a0a1cfd68ee.jpg,513
00158882fc9a13557b6a0780f3208889.jpg,448
0015afe828eb3d4a560ddf95b31aa464.jpg,260
0015bdeb7f15f783b66f9d22adf1d817.jpg,505
0016e2831a8385eb33362999b3b48ee6.jpg,394
0018317810353c6bdd20b44d51fa7594.jpg,56
001920aad2d5c38cc70bbe5f11931db3.jpg,746
0019e27e5515d77896e3b6e13481f5a4.jpg,257
001ae8fea02e1623c80b04e1c10f1e2b.jpg,643
001b37dfc6846dbf94efc376265eacde.jpg,732
001c4079e1ca3c9335805adb8b2e0dac.jpg,867
001c506e50b7fa8438f351f04ed69652.jpg,858
001d95c22f68f896d3d72c19e5479749.jpg,710
001da83499505782bbbc2ffbfbe0db01.jpg,877
001dd36f2ec02f954ecf564165ba08df.jpg,438
001e646f523b82240c08a8b158295904.jpg,685
001e9655177e5d2bf33e28f7a1b1748a.jpg,14
001ea8c0b62b48bf41a13c81127475fd.jpg,545
001ea9abc5dde31b37226b4867ae6a20.jpg,56
001ead7fcea8066f4fa53c5295ca0c80.jpg,293
001efe9eae35882c4e9985375ab954a3.jpg,164
001f23cc3abd09bf6c60b8ca603f0982.jpg,550
001fee9d98f7193d05fa38d23963afa7.jpg,438
0020436aeb91e108926ea485095068be.jpg,27
0020d06c029405951609b4588d95307a.jpg,177
00210f5c5403f57d0a979cd2046d89b9.jpg,74
0021402fb280ce39ac26bce29e5d7170.jpg,830
00218fc310ab0c6e8273afc06e1a91f7.jpg,521
002200a462bc2b029ddffe742448133b.jpg,768
0022aa9baab5c1afa6c97848c22aaaa2.jpg,459
00233fb79a491ef344e228000fe7e16c.jpg,789
00234f3a8680c64f29694990e5170775.jpg,899
0025578b276ec1d4c6440a7b0495df53.jpg,248
0025f3ec71aecd376cfad7985d5be0df.jpg,508
002626e0270541a7d26b4c1b9c381410.jpg,926
00263bd1ec69ef8bedb14bef99738a7e.jpg,483
0026b461013d224cbab9905c77e2e228.jpg,615
0026ca66ef9bf79760c775924549bcde.jpg,222
0026fe847756d4465ada6983415fdee9.jpg,189
00273a5b94f40bcfbad72fc8df385452.jpg,243
00274be0ecebd723fc93f6c48c38a6ec.jpg,385
00276a675d06e9714f4728ceaffa583e.jpg,61
00281eedfdea2d910e9f9b306476ef20.jpg,863
00283643033fcc9d4752fd981e1bc537.jpg,172
002853996576a404531a4c9ee697d8e4.jpg,526
0028a4b03538fa231e579e3c7647c686.jpg,494
0028d09607d62eec911a2d9ba34486f0.jpg,18
0029838e807a4f43b90f1ac09e3263f3.jpg,843
0029b2cba4763c7ea08609e656b3c4b0.jpg,704
0029c10f16052b39990a04f3e2312f9b.jpg,276
0029d9ff5f4b0c5b5d5f9db079bc1227.jpg,595
002a1267ec00ccb015e24faf4520c9bb.jpg,372
002b03319a3c7a355dcbe54c8b605b55.jpg,568
002bb56368829fc668a9284191a7ad83.jpg,647
002bff40d446f13e57b8d02f87c8901a.jpg,583
002c1b56ddc28e51e20eb1536bf1d25d.jpg,829
002c4511c075c521531194ae0de84257.jpg,416
002c9e311f39d31a2486594e964e571a.jpg,179
002d26f0ee981f38d5be99eecbb33cf1.jpg,951
002d2c58fc822a0f6e43adb73fc7dbf6.jpg,553
002d4ab4e108c6b77197a4c54b6a8b2d.jpg,540
002d9897a36301d4d5f8ae60fb3ae1a7.jpg,17
002e6b22391c388ef32ee0bbd8e694df.jpg,539
002e7997f15527895207f33f9c900e42.jpg,845
002e8353482e57270ffe1c28b836adbf.jpg,120
002e97d7b3a629860d639df50065ee5c.jpg,996
002ff9871f05c349c5ba2d8f41f8c355.jpg,982
003072f40a655106c2665613329937c7.jpg,53
0030853914f039b68c8c70fd07940428.jpg,333
0030f68afaa0df42f940b6621b550492.jpg,248
00310280e5971b695084d0226afcda91.jpg,769
0031f35c2b6d2d841047c86be0a0f37c.jpg,492
00325200066edee4030367f745d834a4.jpg,938
0032be436d057f934488053201465818.jpg,214
003305ef1ec28a8bee2eabffa8c8d439.jpg,335
0033428bc31dcb0b9c6cf9126c189b01.jpg,574
0033822c1b495af222874d08bd6ee325.jpg,946
0033e3896484031c97bc60186fcc6e21.jpg,508
0033e97496816d7ad838017388daf877.jpg,958
0033f6d44e43f94fe1703484a5087fef.jpg,479
0034cc720abecc2672757ba1e652486a.jpg,210
00355f0d640a27d93d6ffd070f8d0de1.jpg,633
00395f46af0120a95251cb44250a129b.jpg,705
003a1751a4e870ca34687b295cd27cc4.jpg,752
003a36b58355660b2e92ccf9d8b7d455.jpg,74
003a387897d35487e5dbceeb19f186b6.jpg,311
003b7ac43653066e7f0253f90e91b03b.jpg,200
003b872898910b02ac7a7cf8340cd1a6.jpg,266
003bb808b25558d6cf81fe88850e69e9.jpg,40
003c9a2f8633a18365ea7227579af0f2.jpg,257
003cb5d3315af45ba21b652a4a13c45d.jpg,605
003cd633334918c42f279620a9084638.jpg,118
003d1d914a8eacbc8035a8e752894750.jpg,125
003deffc4a0c0f172116e79a66160034.jpg,572
003e85080ef32c3239bd1663925800e0.jpg,751
003e98159dda53adfa2c04c139740828.jpg,881
003ee5ca1009d7766977c48426e2a640.jpg,880
0042149b732728df9593c219d148daea.jpg,791
0042529999d2c858ac65a25e4df405fb.jpg,580
00425e2f877762c53ae32bfdd48cf0c8.jpg,275
004275d0b7b11beb71b528b82bca3e09.jpg,526
00428e25c2907c69c87e475420842838.jpg,233
0043690c26111b038d446d5f7716c570.jpg,666
00436f0f8d783bc20e376f6bcfaaaa38.jpg,221
00443df867ce6b2873365007385066fe.jpg,825
004469e9ed045aa5f453dff1b8884cdb.jpg,110
004489372685d59f792c8ffe2ff67eaa.jpg,81
0044f2533d31b9be7069d56482b3e718.jpg,481
00455a5baedfc43d83e891950705ea22.jpg,414
0045645b9e2517f12b9f6c85189abc04.jpg,876
0045c8726d9d32c2a9b2582dfda077e0.jpg,847
00460168f22026dfc45f70b81611b32b.jpg,113
00462c86557810e0a3dfba6b3e219ae0.jpg,374
00463b399379f383364eb41868b9c33e.jpg,974
00464707562bde57708e1cd2b4900f0a.jpg,386
0046b2b819f6a0d90002699cb8f1f67d.jpg,842
0047146a8b26e121e22d238dc0b3bc6d.jpg,522
004730328de361796d9956090ad309dd.jpg,84
004822ee8c052a780bf8cff49e1aa0f7.jpg,267
0048c085d17948152160859c3c5a6668.jpg,191
0048d198568a1dc1f26e4947c6d41434.jpg,508
004914b0362f4e8a31168dfc5fad0da8.jpg,83
004a4daa44ecfacc39678c34ab785d8e.jpg,442
004a89fe80e46f0768eb9cc40160b68d.jpg,261
004b3ca538dd2fe7c7773d0164c40e02.jpg,388
004b71975a285ee6f3023ca3dcb63915.jpg,762
004bc785aa674c9c0196aa5eb40a5aa5.jpg,324
004c52cf79e41284b26f2e03fe278a01.jpg,939
004c713a0bbe72564058f6129c6804da.jpg,825
004c9f152aff4eecd2ecf634f231cc7d.jpg,800
004cfed3acd99ed6303755ffab1e9ac1.jpg,937
004d6615c229d7dc4de83e97ff4d6eda.jpg,612
004db2c0bf292e1167a04c06a51d2114.jpg,127
004e0b1a7bd6b454d21d2a28bfbdf270.jpg,414
004e3d17b7fdf3c530ae8e2b6c3baef8.jpg,718
004e9d6e2f957a18d414ffd7f1043168.jpg,139
004f0792ccad2463c3d2781fefc9d2cb.jpg,278
0051402ed676738087cee2f350d22d8c.jpg,540
0051c5fd6189f72cefa92a7bccd1c26a.jpg,852
005214e1aa2a1c3cfd5c677289e5c855.jpg,203
0052e78a00e817a3a9fb5b00aa2c46af.jpg,629
0052ff90eb74f9cc5579e6666c9de401.jpg,272
00533947e1b8401439b3140da021242d.jpg,355
005344bf9cbface336253d81fce2f0f8.jpg,154
00555e316a6c8ea939554fddf3bdf90c.jpg,777
00556178c8a7e98c604cb5dd067d2164.jpg,740
0055daf0d47daf7ad86cf8ea44679d0b.jpg,586
0055db1206b7542c8764c3e15350cbbd.jpg,74
0055f764794c1a60eb8eed0127631df8.jpg,41
0056b4201f3b00ea27fb2e9c6475cbc4.jpg,81
0057ce13fb11e06199e0b86e66e71937.jpg,61
0057d024daca06b40f9916eecf3b5eff.jpg,980
00581f78ac48c28303cd63f18238cfb8.jpg,310
005844c7dd935fec706bac1cefa4b038.jpg,565
005a439278554f8d85c80fd3ff305541.jpg,406
005a7c462c047ac5652bc44b7436d36b.jpg,704
005addde99ada2af3e53b576d8dc3746.jpg,74
005b61c08bca9f2eb698eb4d39a061f0.jpg,67
005b709dafe46e505cbfbc0e7f32863e.jpg,723
005bf1ed9016797459fee1f7e81b9085.jpg,345
005c8e57a9bc22e63c722475e8482f7e.jpg,100
005e0585e0962d33262b888c58e06bfc.jpg,576
005fe2656e414fa5206abf3768a5c01c.jpg,127
00600146ec0ca8296d3c52dc94ce2daa.jpg,386
006019828a4eb1431206dba5bbc09f27.jpg,274
00601ca5eac54770d26dad050e098b0b.jpg,26
0060a95224f4ee48998c01bc12cec0a8.jpg,861
006179de604cf7ea3ed0a4edb12840de.jpg,372
0061add32e243696c8fda697fc600eeb.jpg,103
006205f74a535f484007e0cb53c3f3c6.jpg,839
006277640ada9d2f67e1f30ed8fc8ef3.jpg,401
006298267ce24777ca2214c1ca6528e0.jpg,997
0062dcce560c25782269b4f0008ebde0.jpg,974
0063620c33338e83d962527ddc2ceb2c.jpg,616
00640318d1794dfcdd9709ff29c70ca8.jpg,476
00640aaf5265ff73e4e999ae2398509e.jpg,642
0065de1e25ca26ae404f592b0a8517ca.jpg,129
006617d4541ffd04f4e788ee6e2dda7c.jpg,472
00665ee2f62504399ec9306aa5991018.jpg,898
00666a8f289d318971d8898b194485d2.jpg,329
00666ccc650db5cae67463628fdc4b72.jpg,801
0066d86c08b6a0de2ad2b9b8ff6a7858.jpg,697
0066e88ecf82dfd50aa6e6660c3a906a.jpg,461
0066fed3ff908ffaa3b4cd7e16d9405f.jpg,19
006701cb5be38803663d363b84822748.jpg,323
00673f1ad309d138bfd1a33f49c82a40.jpg,927
00675e822ffae60a27819c9a0d907e0f.jpg,191
006767e9c3e4d7a17f744aba4f822cbe.jpg,410
0067a1e6b391d8a3e5bd90771cbcef0c.jpg,142
0067ddd3c24b941f80d265a879fd13e9.jpg,649
0068072b60c494629d8adea73e732998.jpg,242
006816700ccc67f4ea5c384880e29951.jpg,554
006843dd56b346b1002c72982dfa1a2a.jpg,117
006852397b7f2cbd07638f847a36ab14.jpg,972
0069780e345a5cbbf207e69c51e85eaf.jpg,951
006a29821c99781754eff54899249dc8.jpg,585
006a72a6133174193d7c8779c57db3d0.jpg,864
006aaa3f8767d110129201b10a1d4503.jpg,967
006b23f64bc052110a9814a3030e97fe.jpg,561
006b2d7c8b5c2dd009c45ab5d5a7fc90.jpg,544
006b56982b684d1f66d878a6986f3c9b.jpg,472
006bcba9977923b49e2167369a7be9ab.jpg,336
006c059c065af3d4ca8f2a3885113c15.jpg,873
006c40e1930954537cb01a9efaa62005.jpg,416
006c722dba20e5ce899e3d71ace84fbd.jpg,353
006cf568c2f31f2038e9ef4d15ab84ff.jpg,946
006dd82b7ee041d7b05b372d4326da1d.jpg,114
006debf8fdc1c70945093fd7f7a40d76.jpg,22
006f0076bcbdb192d8f00c32414a1d30.jpg,720
006f019cd6df938781d92c905545f696.jpg,565
006f5f64c5a6b7c731cbec5831e0d5b1.jpg,52
006f73f54ef90b3222dbcfdd41768a61.jpg,870
006fa8ff0a39196d1b89f201379b2749.jpg,818
006fe8d76729e86cb0fd62c3af667fb6.jpg,773
00707c74d9b811a47c2d331452a33f16.jpg,299
0070a5dbac6777dc6c4314a079dbb1ea.jpg,345
007157da09c50ca5866e575d021c7362.jpg,45
00717935620455fe51f083e3e0ed97b8.jpg,592
0071ad41d85a8fa748cdaf3305639038.jpg,81
0071cd67ea8b6fe8525e650d4435638c.jpg,243
00730df17b13bc883828eca46e1749b8.jpg,833
0073a56a20d8279775dbb3a5be1543bd.jpg,881
00741af90d15d72c849adf1339dc4ebf.jpg,523
0074217afda008e47dea9178399848c0.jpg,750
0074f1fec7adba9d82950e17122951de.jpg,647
0075b52c8308133e88ca413bb44cc433.jpg,999
007715594f234c71a90e7538b7235be5.jpg,797
007770a1498b54ee303eddec4cfbd879.jpg,204
0077858411c3c8c30846ea0af14d2970.jpg,380
0077df897edbf980110a5519724504f8.jpg,642
0078101a407739d9476c8e9bcdeeba33.jpg,351
00782a936f5c64c76a0c7bc34ab0c424.jpg,62
00798edcdd08b3fb4172a9a3e3964ec0.jpg,3
0079aade4aeccefe24d8617e68f65da0.jpg,570
007a4253903dda80aabdae9699890121.jpg,81
007c40ef5f374011e83e9c7c72c0d2fb.jpg,11
007c5fd1c3f75e966463f9a0c31f6897.jpg,811
007dc4352e28383f27bf056836e19df3.jpg,530
007e7e59766364306aff847eb04f7312.jpg,347
007e951b22acb0d829394c8f5cc1207d.jpg,237
007f8d4482af0ad7ed69e1720da85490.jpg,296
007fccb72af47d666dadbaaa072736b2.jpg,404
007fd4c0130cdc44cf063e2154fb080b.jpg,750
00808fe3295c5a1eedfa4848bbbd3a52.jpg,625
0080ec60de0ae3bc3e74a8745d15f58f.jpg,783
008153ef677fbab010b1444494a7d384.jpg,687
008230b2e9704fbca2b53a4cd8afae2d.jpg,900
0082607b0b45758508b218293cce9cf8.jpg,472
0082dd962e3c639a86dd57cda11750e5.jpg,972
0082f1f0b7d085702d576e32cc0933c3.jpg,890
008332ec0178a339da7088befa73eb7d.jpg,962
0083331794e0a431e8000499ed89d0a1.jpg,782
0083dff629ced78476a9b066e5b2da15.jpg,996
0084259d7f161f7f474cbca509ac93f0.jpg,34
008449a34005e1de5a7106cd16585e1d.jpg,902
008527553c6bc573a851a2a2b4c82abd.jpg,263
0085a080986ae38b4b45c9572c945a6f.jpg,148
0085d40ed55786a8c6f7f15dcc81c6ac.jpg,693
0085fc6e4df6c8d5b328e686d6705582.jpg,211
0087c3de8594c6aeb4c0d634ad79eb9f.jpg,989
0088c65d9223358a7763eadbd02faad5.jpg,801
0088d8c68cc61a4f39d2f5fcc410dacb.jpg,395
0089d60abf23ca117ded261ff8d5e5f2.jpg,494
008a0af2a4676672d9bfe257b3405489.jpg,828
008a2b82ef80c0054b6a273fdbf5022b.jpg,540
008a3b0eda5251dc71fa894afd8d83d8.jpg,775
008b67c402c491a10d133c501e90eef4.jpg,431
008b8261b317a0bceae39970eca4e7a8.jpg,606
008bb4a9f8cca92e9f05d46467838060.jpg,367
008bea887f37d511eb49c7c02c61fcbd.jpg,886
008c390d7275cc8887a72a80f417f5a5.jpg,923
008cb8ddae93e651a68e00d9a0ccc0f3.jpg,959
008d0e6001b84884477cfecd095f5179.jpg,166
008d5649482625dfbe81aa4ec642ed9f.jpg,878
008d636519559ed2e2cc7927b775185b.jpg,652
008dfb73bd2d1d414f8bbddf9a37d31b.jpg,414
008e7ed392a96d579b31aaad4583c1bf.jpg,732
008e8d3a70cb848432f2b6d40a061ac3.jpg,80
008f1ae97119b44d16cb58cb779283ec.jpg,28
008fc02a6eb58c3b7bca4eb434260743.jpg,774
008feb9fe3c14f5055bf83af3b49e845.jpg,308
008fec0bdfc549e828cae705e5487655.jpg,163
00912c8a97416dc770045740d1606f20.jpg,494
009143747182c7cf458cae41c8301755.jpg,867
00916be458bad4ecf7a3bfd441321b78.jpg,496
00917997080d83194d88cfc25b9c8a40.jpg,865
0091f296f1597f5a44cc38c201ab9acb.jpg,105
00921817cc735bbdce242344f8c46740.jpg,125
00931322f344d671141c4ad72038b30c.jpg,169
00941967598e933bcba79010d3360c69.jpg,115
00947ded7e48e865773ed0941e891dd9.jpg,676
0094a2620a7c8078dfe601335f246c17.jpg,919
0094a5bae5812cbccc43fc2af6a54eb4.jpg,487
0095373cf5d8e5233cb690a93fba25fa.jpg,612
0095dec5cd530e998dc23f0d415b9b28.jpg,991
0096687e6d421e06551023fafc0f4b03.jpg,164
00966cb9cf667dc484cc46bc4a805985.jpg,740
0096a879636301462a8684e2b5b90c6b.jpg,31
0096ec1a465512f67b0dcc37d30910ac.jpg,613
0096f957a11f03e1206df8d4a86bb5cf.jpg,326
0097c52f5db9ba588fc4ec1cd24c21c8.jpg,579
0097d52ba878540bc9218a1675400563.jpg,387
009807258fb2f3fc5314ee557c02d808.jpg,353
00982016598d5b7abfee2da8ab160af0.jpg,790
00983c8614f36a1a92151f37b66ed696.jpg,287
0098679a79cb7f708e4ee5685c1c2bbd.jpg,566
00998378f23bb26e5d9163b53c96399e.jpg,221
0099c10a7290d9792b8e960a9af56ce4.jpg,309
009a87ace4f4ebc1697d0e6f557698de.jpg,682
009ac4b7177caa9275a7329b3b58806d.jpg,873
009ad40a5359cab162d3469d0aca93c0.jpg,257
009b827c2d0608faedaed73d55817fa0.jpg,187
009c295a82584513f65e561b7cea54a3.jpg,616
009c29bd350e8f2d3155091ebb87b2f8.jpg,957
009dc703d74d1c2d01bb62cd02e41be9.jpg,536
009de4557028c17e8a2ca6e7db6f2788.jpg,966
009df966fef947419aa3c89ddcaa2002.jpg,275
009e10dffbc67187c3caca12742f1cc4.jpg,624
009e8d329167c69d3ecf0d26284ae550.jpg,636
009f0df3cbc566a4ddb959e24fb5cf99.jpg,871
009f65e59ae172811276af0a9e8f683a.jpg,43
009f773e198dd961ba0a8279a2734926.jpg,849
009f90e0428df5191363cf231a0ce521.jpg,148
009fcb3a022646c34e2a29ec53d3d2ab.jpg,893
009fec797c022bdc94316c0e8901b6a6.jpg,471
00a079cabc9f7e2be2d4d19ac5056301.jpg,282
00a172954cc4088a55aad86ca0c42dab.jpg,770
00a1748bebafbc8d0c5a60805d53b582.jpg,275
00a17a3ecccd730daacc468e6f41d803.jpg,128
00a22c7eeb9facf34f168c8f7c5934c5.jpg,912
00a295c37f71c5fb3a081260520bdfaa.jpg,961
00a2b7fd93d9a9550f4900a5669a8e9c.jpg,198
00a3dd2d996db1b1b150942715157341.jpg,828
00a59064f944f6e2aaabbc8b9a7ad2ef.jpg,938
00a6665a3d69872eb52331341f971bb9.jpg,762
00a6c543346a448d7bd68d38ee99c56b.jpg,827
00a6cd921bdcbccf187018ff929c5a99.jpg,386
00a6dc9fdf3d8c4bdee77f345c3fb787.jpg,141
00a7122b6aa198910652510d4a20cf9b.jpg,234
00a719770acf15d496ad713b8e0ab283.jpg,624
00a719f4e4f96307fe570040d10ab634.jpg,8
00a75aa08e231f4b71216d5f8f3a4d8c.jpg,132
00a7712e7458140377f3fbd5d1f217b3.jpg,482
00a7f1bffb10d70dc4229b513f75c758.jpg,234
00a812a4158195ea76eec7ba33fd341c.jpg,784
00a82c1039538dda1d4fb6994ff1a6f3.jpg,501
00a836225698c56e03806e2c4de08f1e.jpg,627
00a874215c5641613a8bdea34c810179.jpg,794
00a8837417db0ecc6d96bbe0f6f38d6a.jpg,252
00a8879ec4800e302357d2ecf4d380a3.jpg,731
00a8c5447dd49ce1e1bde80fcca2da12.jpg,309
00a8e862080462b00384fb079bb4e187.jpg,649
00a8f5677597fd413c84d048fa3f0efc.jpg,136
00a918191d8e7c7a8aac42351e5a33a4.jpg,591
00a933bcbd2bad432cc054e3be89147e.jpg,337
00a96e012f9920a5ca38ec6bdeb74e11.jpg,394
00a97fefd05db44848b99fd2999eb2b8.jpg,74
00aa4cd1c9efbddb2929a6badd004575.jpg,449
00aa7c78f2dd84a958b003a74b17befb.jpg,923
00aa9139e60d108a2ec737d80a513005.jpg,172
00aa9495088393043aba1c26a8314d27.jpg,73
00ab8ed27a16e4df375234cc7013adbd.jpg,426
00abb0e7774f67ada217225473bcaba8.jpg,121
00abbea8f9d7ca0b49e86f112bcc603e.jpg,211
00ac3f2f45a95f069b01c04c5e8c4918.jpg,228
00acd82099f04a056d76a3a363ff7a08.jpg,237
00add179576262c296a8b0de66abcc24.jpg,661
00addd8d35ee6a3c2135bcdd6d8630e4.jpg,462
00ae32f1d7664888ffc35f320cb5705c.jpg,641
00ae4054d25b4c332ff853d93dd7a40e.jpg,79
00ae58776e76bfaadbf8c8cd03d875fd.jpg,900
00aee1899d4ae0f1d16e5ef173567fac.jpg,740
00aeffc6c15ca416c704b7b69547a4aa.jpg,870
00af4ec5a9676b6214070f0aa2de0410.jpg,522
00b014cec61d385368f0e90d641a1a2b.jpg,326
00b0555edee6b04af37ec0611abff615.jpg,985
00b084d73538fe4aaca2266ce55490cc.jpg,20
00b1b56d570f435a46b7d2f9e37270f8.jpg,443
00b2222a4ffba72f3d8630fc58f36a00.jpg,420
00b2c05b4c5c0e5bea99ecd7fac1303e.jpg,88
00b2f3efdfd555b909a13922a331d4ec.jpg,450
00b3d3d4ad5970cfd8a9e3d19d05bb97.jpg,259
00b3f0c6d6512e2a00f40409be581a26.jpg,482
00b411262adf45f0446e85eb24fef004.jpg,311
00b43f127bfe2221d6e5e6e93ecf75e6.jpg,94
00b44c095365a09444d4016581cb4eef.jpg,275
00b457a9f82b96807d23368da6c50607.jpg,446
00b4760c59d41098f0eeea319b0754bf.jpg,852
00b4a194abf96aa4265d4a53a4a79dc5.jpg,345
00b52ac86aa2280a89b3ca2e52819113.jpg,67
00b61da8bd1f19b10e94be995fb5348f.jpg,380
00b6546d0408b27c5e40a1f204e020d7.jpg,443
00b69f664400383a9176f21d2b3611de.jpg,358
00b69fae83c3ccf22796dd0d79a1d380.jpg,294
00b6daa08f48e08da99f6d8ae31830d0.jpg,966
00b6eda0506af7753de14879b41154e9.jpg,74
00b75e893868e5b4fea09aeb6008d0d6.jpg,459
00b7938e9c36c004f809a213dac3e3fb.jpg,878
00b91cb62c2469a63a6586407de90c59.jpg,590
00b93fe5e9cab1b5827619b2a9b93226.jpg,818
00b9bcb38bcfa5a5b8bf58d2120053af.jpg,894
00baccf98c9b1d09c1c4d1c9b38fd60d.jpg,47
00bb1b0afc6ad6bbe90b206e2d6a4ec0.jpg,359
00bb1b96d2c888d66c565735968bbe5d.jpg,258
00bc2460f34f5a3c576d14d0b2052b4c.jpg,416
00bc7e4571451a5a348cfae64a040f42.jpg,482
00bc93d44b55c6458ddf7eea17e6fbfd.jpg,920
00bcdc170f2cdfa2937f32c54e68c1e7.jpg,347
00bdb12b5b1ef94bab120f249d43c0b5.jpg,321
00bdf9898b710cefe42422b823e54e7d.jpg,733
00bfa1c24c6534186d8bc38d85662533.jpg,830
00bfc7dfac571067ebdab4a68d05892b.jpg,828
00bfeefd7545f76c7b3699ba7d8ba991.jpg,367
00bff4df5825481f5b61d33590aea33d.jpg,473
00c00d27a7b7fd9f8ad8caa165b0f80c.jpg,976
00c0a15e194d665c5b4205138908ac60.jpg,496
00c1e424cbd1c004105e65db728acde8.jpg,843
00c270ff2064364548245cac79e2e485.jpg,140
00c28bdd79e6c0f6652d9e98d414716f.jpg,898
00c29cce50e7abdcb82f0172b0a53f10.jpg,640
00c367d92ce21724c508dcceec6f5314.jpg,915
00c3a796959c63725f5f94b08e6fe1cb.jpg,216
00c3b00e6b256af3d2c78b4132e10897.jpg,502
00c3c6ec1435fb3be2f572e7b6d51de1.jpg,951
00c4285db0dbfa17a05c63d10e825ad3.jpg,89
00c46434246b4b1d889454a1c906b2ba.jpg,828
00c4671d4220f096e6e1a8e3ab2ee8a5.jpg,855
00c47f5bf4f84c37252f0315f25de1aa.jpg,25
00c4b767e75a8942bb9d80f63604b27e.jpg,24
00c4cb9f8d03e876e2666986c7d23d93.jpg,3
00c521011aeb8500e2917e05b682ae76.jpg,251
00c545bfd3f370e356d2143d9046397d.jpg,70
00c5559f1770ba630bfc946822b630b4.jpg,604
00c5899b059a6c2f8e96862c955d4aae.jpg,785
00c63d467ef9b11916e78d16f88468b6.jpg,980
00c651308024dbe86666065bfd98ea66.jpg,573
00c65cf33263d7be89bd7b665d5cc95f.jpg,211
00c684f1270c5ec3add38021086e5b72.jpg,505
00c7ab28669dc49c6e85c3d3eeca3b49.jpg,299
00c7d69ec3418f39c19f1c7c5d16d17d.jpg,482
00c822a99f74ef8aa713ba4b0beda02e.jpg,566
00c87e78d0e624f22f309337ff923962.jpg,345
00c88366ee5fe4ce7e4b09d005c0747d.jpg,369
00c94f793f08977aa1bea687cd2215b8.jpg,2
00c9b8d98ad2e8d3d7b40d4936e411c5.jpg,155
00cb995911e2b3b637b0e98d7ea25a32.jpg,708
00cd833b4b20eb1e60f09b3dfcd7b299.jpg,730
00ce4032415fbed5ae3c221bf0376ec7.jpg,293
00ce6c7286a25831fe7e47fb6bbc8eba.jpg,481
00cee973b6b02a53e4ca3491bbb1bc67.jpg,984
00cf33f5368ae56a99ef68c913979c3f.jpg,652
00cf80a07160568fec17389e82c2f830.jpg,521
00cfbb35aa200d1884ee8c8846fd3425.jpg,733
00cff78b1799732f4f466db41178589a.jpg,818
00d036af58415bf13375a5cc9d8fcb9d.jpg,929
00d06813b0a3ecd3925fa0d8867c4f22.jpg,597
00d092cfbb3a656f74cc760790fce93e.jpg,322
00d0d5ce7d5ed7d5ee260c83cc717552.jpg,401
00d0fb3af6409f5fa3a8780261bf551d.jpg,191
00d115877ccd788d185a12e99b9193ee.jpg,66
00d1341e0b5665f0d16d399aa1774679.jpg,216
00d13cfe32ae3d3d345435e92ef80f61.jpg,850
00d214d86497f98220f4b2a124ebdc1a.jpg,257
00d216105c0bd6fe6c3392a91d34db14.jpg,101
00d2200c80db062f165af7735acb0054.jpg,630
00d272f1f978ccdeaaf0694cd822e6ce.jpg,842
00d28f7d341d32e3191a98238d3c8aa2.jpg,773
00d2964486d399df9e4f734304e87cf0.jpg,20
00d29f8ed9f0cb5e650bb8e3a4841c3f.jpg,301
00d2a96843d4d17f560d11f0c75551d8.jpg,172
00d371b18fe6040c16bcfdcdb104923a.jpg,793
00d434f8972f94b16d32066a0e6fbe23.jpg,56
00d587cf9608952935f4bf53754bd171.jpg,954
00d7018e17bdfcf54cbceae5d1663bb9.jpg,575
00d7aacb6a0b091da81718eb01f78e3c.jpg,398
00d85053d904e8a4d55023a53d8b45c2.jpg,625
